id,sample,species,sieve,abundance,biomass,trophic.level,richness,mlO2.mg.h
1,6low-5,Ampithoe sp.,8,1,36.1267,Herbivore,6,8.95E-10
2,6low-5,Erichsonella attenuata,8,7,252.8869,Herbivore,6,2.34E-11
3,mono2-2,Erichsonella attenuata,8,1,36.1267,Herbivore,1,8.95E-10
4,mono2-4,Erichsonella attenuata,8,9,325.1403,Herbivore,1,1.46E-11
5,mono2-1,Erichsonella attenuata,8,2,72.2534,Herbivore,1,2.44E-10
6,6low-5,Ampithoe sp.,5.6,41,601.0231,Herbivore,6,4.62E-12
7,6low-5,Erichsonella attenuata,5.6,13,190.5683,Herbivore,6,3.97E-11
8,6low-5,Gammarus mucronatus,5.6,15,219.8865,Herbivore,6,3.04E-11
9,3low-4,Erichsonella attenuata,5.6,8,117.2728,Herbivore,3,9.87E-11
10,3low-4,Ampithoe sp.,5.6,3,43.9773,Herbivore,3,6.19E-10
11,mono3-6,Ampithoe sp.,5.6,6,87.9546,Herbivore,1,1.69E-10
12,6high-5,Erichsonella attenuata,5.6,5,73.2955,Herbivore,6,2.38E-10
13,6high-2,Erichsonella attenuata,5.6,1,14.6591,Herbivore,6,4.85E-09
14,3low-1,Ampithoe sp.,5.6,3,43.9773,Herbivore,3,6.19E-10
15,mono2-3,Erichsonella attenuata,5.6,10,146.591,Herbivore,1,6.50E-11
16,6high-3,Erichsonella attenuata,5.6,2,29.3182,Herbivore,6,1.32E-09
17,6low-3,Erichsonella attenuata,5.6,1,14.6591,Herbivore,6,4.85E-09
18,3high-2,Erichsonella attenuata,5.6,6,87.9546,Herbivore,3,1.69E-10
19,mono2-2,Erichsonella attenuata,5.6,16,234.5456,Herbivore,1,2.69E-11
20,6low-6,Erichsonella attenuata,5.6,1,14.6591,Herbivore,6,4.85E-09
21,6low-6,Ampithoe sp.,5.6,1,14.6591,Herbivore,6,4.85E-09
22,6low-4,Erichsonella attenuata,5.6,7,102.6137,Herbivore,6,1.27E-10
23,mono2-4,Erichsonella attenuata,5.6,23,337.1593,Herbivore,1,1.36E-11
24,mono2-6,Erichsonella attenuata,5.6,7,102.6137,Herbivore,1,1.27E-10
25,mono2-1,Erichsonella attenuata,5.6,21,307.8411,Herbivore,1,1.62E-11
26,mono2-5,Erichsonella attenuata,5.6,8,117.2728,Herbivore,1,9.87E-11
27,mono3-4,Ampithoe sp.,4,6,34.8402,Herbivore,1,0.000000001
28,3low-5,Ampithoe sp.,4,4,23.2268,Herbivore,3,0.000000002
29,3low-5,Ampithoe sp.,4,4,69.6804,Herbivore,3,2.62E-10
30,3low-5,Ampithoe sp.,4,12,23.2268,Herbivore,3,0.000000002
31,3low-5,Ampithoe sp.,4,12,69.6804,Herbivore,3,2.62E-10
32,3low-5,Bittium varium,4,1,6.9501,Herbivore,3,1.96E-08
33,3low-6,Gammarus mucronatus,4,2,11.6134,Herbivore,3,7.50E-09
34,6low-5,Ampithoe sp.,4,150,871.005,Herbivore,6,2.31E-12
35,6low-5,Erichsonella attenuata,4,2,11.6134,Herbivore,6,7.50E-09
36,6low-5,Gammarus mucronatus,4,122,708.4174,Herbivore,6,3.40E-12
37,3low-4,Erichsonella attenuata,4,3,17.4201,Herbivore,3,3.51E-09
38,3low-4,Ampithoe sp.,4,15,87.1005,Herbivore,3,1.72E-10
39,mono3-5,Ampithoe sp.,4,3,17.4201,Herbivore,1,3.51E-09
40,mono1-3,Gammarus mucronatus,4,3,17.4201,Herbivore,1,3.51E-09
41,mono1-6,Gammarus mucronatus,4,23,133.5541,Herbivore,1,7.73E-11
42,mono3-3,Ampithoe sp.,4,3,17.4201,Herbivore,1,3.51E-09
43,mono3-1,Ampithoe sp.,4,2,11.6134,Herbivore,1,7.50E-09
44,mono1-1,Gammarus mucronatus,4,11,63.8737,Herbivore,1,3.08E-10
45,mono1-1,Ampithoe sp.,4,1,5.8067,Herbivore,1,2.75E-08
46,mono1-1,Erichsonella attenuata,4,1,5.8067,Herbivore,1,2.75E-08
47,mono3-2,Ampithoe sp.,4,6,34.8402,Herbivore,1,0.000000001
48,mono3-2,Erichsonella attenuata,4,1,5.8067,Herbivore,1,2.75E-08
49,mono1-2,Gammarus mucronatus,4,13,75.4871,Herbivore,1,2.25E-10
50,mono1-2,Ampithoe sp.,4,3,17.4201,Herbivore,1,3.51E-09
51,mono1-4,Gammarus mucronatus,4,10,58.067,Herbivore,1,3.68E-10
52,mono3-6,Ampithoe sp.,4,34,197.4278,Herbivore,1,3.72E-11
53,mono1-5,Gammarus mucronatus,4,11,63.8737,Herbivore,1,3.08E-10
54,6high-5,Erichsonella attenuata,4,3,17.4201,Herbivore,6,3.51E-09
55,6low-1,Gammarus mucronatus,4,1,5.8067,Herbivore,6,2.75E-08
56,6high-2,Erichsonella attenuata,4,7,40.6469,Herbivore,6,7.18E-10
57,3low-3,Gammarus mucronatus,4,2,11.6134,Herbivore,3,7.50E-09
58,3low-1,Ampithoe sp.,4,6,34.8402,Herbivore,3,0.000000001
59,3high-1,Erichsonella attenuata,4,3,17.4201,Herbivore,3,3.51E-09
60,mono2-3,Erichsonella attenuata,4,12,69.6804,Herbivore,1,2.62E-10
61,6high-3,Erichsonella attenuata,4,2,11.6134,Herbivore,6,7.50E-09
62,6low-3,Erichsonella attenuata,4,2,11.6134,Herbivore,6,7.50E-09
63,3high-2,Erichsonella attenuata,4,5,29.0335,Herbivore,3,1.35E-09
64,mono2-2,Erichsonella attenuata,4,12,69.6804,Herbivore,1,2.62E-10
65,3low-2,Erichsonella attenuata,4,2,11.6134,Herbivore,3,7.50E-09
66,3low-2,Gammarus mucronatus,4,1,5.8067,Herbivore,3,2.75E-08
67,3high-6,Gammarus mucronatus,4,2,11.6134,Herbivore,3,7.50E-09
68,poly-3,Erichsonella attenuata,4,2,11.6134,Herbivore,9,7.50E-09
69,6low-6,Erichsonella attenuata,4,2,11.6134,Herbivore,6,7.50E-09
70,6low-6,Ampithoe sp.,4,7,40.6469,Herbivore,6,7.18E-10
71,6low-4,Erichsonella attenuata,4,1,5.8067,Herbivore,6,2.75E-08
72,3high-5,Gammarus mucronatus,4,1,5.8067,Herbivore,3,2.75E-08
73,mono6-5,Gammarus mucronatus,4,1,5.8067,Herbivore,1,2.75E-08
74,mono6-4,Bittium varium,4,1,6.9501,Herbivore,1,1.96E-08
75,mono2-4,Erichsonella attenuata,4,29,168.3943,Herbivore,1,5.01E-11
76,mono2-4,Gammarus mucronatus,4,1,5.8067,Herbivore,1,2.75E-08
77,mono2-6,Erichsonella attenuata,4,9,52.2603,Herbivore,1,4.48E-10
78,mono2-1,Erichsonella attenuata,4,21,121.9407,Herbivore,1,9.17E-11
79,mono2-5,Erichsonella attenuata,4,12,69.6804,Herbivore,1,2.62E-10
80,mono3-4,Ampithoe sp.,2.8,67,154.1067,Herbivore,1,5.91E-11
81,mono3-4,Gammarus mucronatus,2.8,7,16.1007,Herbivore,1,4.07E-09
82,mono4-5,Bittium varium,2.8,2,5.3444,Herbivore,1,3.21E-08
83,3low-5,Ampithoe sp.,2.8,30,69.003,Herbivore,3,2.66E-10
84,3low-5,Ampithoe sp.,2.8,30,85.1037,Herbivore,3,1.80E-10
85,mono6-6,Gammarus mucronatus,2.8,2,4.6002,Herbivore,1,4.25E-08
86,3low-5,Ampithoe sp.,2.8,37,69.003,Herbivore,3,2.66E-10
87,3low-5,Ampithoe sp.,2.8,37,85.1037,Herbivore,3,1.80E-10
88,3low-6,Gammarus mucronatus,2.8,12,27.6012,Herbivore,3,1.48E-09
89,6low-5,Gammarus mucronatus,2.8,2,4.6002,Herbivore,6,4.25E-08
90,3low-4,Erichsonella attenuata,2.8,3,6.9003,Herbivore,3,1.99E-08
91,3low-4,Ampithoe sp.,2.8,120,276.012,Herbivore,3,1.99E-11
92,3low-4,Gammarus mucronatus,2.8,4,9.2004,Herbivore,3,1.16E-08
93,3low-4,Bittium varium,2.8,2,5.3444,Herbivore,3,3.21E-08
94,mono3-5,Ampithoe sp.,2.8,80,184.008,Herbivore,1,4.24E-11
95,mono1-3,Gammarus mucronatus,2.8,70,161.007,Herbivore,1,5.45E-11
96,mono1-6,Gammarus mucronatus,2.8,52,119.6052,Herbivore,1,9.51E-11
97,mono1-6,Ampithoe sp.,2.8,4,9.2004,Herbivore,1,1.16E-08
98,mono3-3,Ampithoe sp.,2.8,80,184.008,Herbivore,1,4.24E-11
99,mono3-1,Ampithoe sp.,2.8,80,184.008,Herbivore,1,4.24E-11
100,mono3-1,Gammarus mucronatus,2.8,3,6.9003,Herbivore,1,1.99E-08
101,mono1-1,Gammarus mucronatus,2.8,91,209.3091,Herbivore,1,3.33E-11
102,mono3-2,Ampithoe sp.,2.8,50,115.005,Herbivore,1,1.02E-10
103,mono1-2,Gammarus mucronatus,2.8,129,296.7129,Herbivore,1,1.73E-11
104,mono1-2,Ampithoe sp.,2.8,21,48.3021,Herbivore,1,5.20E-10
105,mono1-4,Gammarus mucronatus,2.8,82,188.6082,Herbivore,1,4.05E-11
106,mono3-6,Ampithoe sp.,2.8,353,811.9353,Herbivore,1,2.63E-12
107,mono1-5,Gammarus mucronatus,2.8,204,469.2204,Herbivore,1,7.35E-12
108,6high-5,Erichsonella attenuata,2.8,5,11.5005,Herbivore,6,7.64E-09
109,6high-5,Bittium varium,2.8,1,2.6722,Herbivore,6,1.17E-07
110,6low-1,Gammarus mucronatus,2.8,2,4.6002,Herbivore,6,4.25E-08
111,6low-1,Ampithoe sp.,2.8,1,2.3001,Herbivore,6,1.56E-07
112,mono7-6,Gammarus mucronatus,2.8,1,2.3001,Herbivore,1,1.56E-07
113,mono9-5,Bittium varium,2.8,1,2.6722,Herbivore,1,1.17E-07
114,mono7-1,Ampithoe sp.,2.8,2,4.6002,Herbivore,1,4.25E-08
115,6high-2,Erichsonella attenuata,2.8,6,13.8006,Herbivore,6,5.43E-09
116,mono9-2,Bittium varium,2.8,1,2.6722,Herbivore,1,1.17E-07
117,3low-3,Gammarus mucronatus,2.8,26,59.8026,Herbivore,3,3.48E-10
118,3low-1,Ampithoe sp.,2.8,80,184.008,Herbivore,3,4.24E-11
119,3high-1,Erichsonella attenuata,2.8,2,4.6002,Herbivore,3,4.25E-08
120,poly-4,Bittium varium,2.8,1,2.6722,Herbivore,9,1.17E-07
121,poly-4,Erichsonella attenuata,2.8,1,2.3001,Herbivore,9,1.56E-07
122,poly-4,Ampithoe sp.,2.8,1,2.3001,Herbivore,9,1.56E-07
123,mono7-4,Gammarus mucronatus,2.8,1,2.3001,Herbivore,1,1.56E-07
124,mono2-3,Erichsonella attenuata,2.8,2,4.6002,Herbivore,1,4.25E-08
125,6high-3,Erichsonella attenuata,2.8,2,4.6002,Herbivore,6,4.25E-08
126,mono4-1,Bittium varium,2.8,1,2.6722,Herbivore,1,1.17E-07
127,poly-1,Erichsonella attenuata,2.8,1,2.3001,Herbivore,9,1.56E-07
128,poly-1,Gammarus mucronatus,2.8,1,2.3001,Herbivore,9,1.56E-07
129,mono7-2,Gammarus mucronatus,2.8,1,2.3001,Herbivore,1,1.56E-07
130,6low-3,Ampithoe sp.,2.8,5,11.5005,Herbivore,6,7.64E-09
131,3high-2,Erichsonella attenuata,2.8,2,4.6002,Herbivore,3,4.25E-08
132,3high-2,Bittium varium,2.8,2,5.3444,Herbivore,3,3.21E-08
133,mono5-1,Gammarus mucronatus,2.8,1,2.3001,Herbivore,1,1.56E-07
134,mono2-2,Erichsonella attenuata,2.8,25,57.5025,Herbivore,1,3.75E-10
135,3low-2,Gammarus mucronatus,2.8,20,46.002,Herbivore,3,5.69E-10
136,3high-6,Gammarus mucronatus,2.8,8,18.4008,Herbivore,3,3.17E-09
137,3high-6,Ampithoe sp.,2.8,1,2.3001,Herbivore,3,1.56E-07
138,poly-3,Erichsonella attenuata,2.8,1,2.3001,Herbivore,9,1.56E-07
139,poly-3,Gammarus mucronatus,2.8,1,2.3001,Herbivore,9,1.56E-07
140,mono4-6,Ampithoe sp.,2.8,2,4.6002,Herbivore,1,4.25E-08
141,mono8-6,Gammarus mucronatus,2.8,1,2.3001,Herbivore,1,1.56E-07
142,mono8-6,Ampithoe sp.,2.8,1,2.3001,Herbivore,1,1.56E-07
143,mono7-5,Gammarus mucronatus,2.8,1,2.3001,Herbivore,1,1.56E-07
144,6low-6,Erichsonella attenuata,2.8,5,11.5005,Herbivore,6,7.64E-09
145,6low-6,Ampithoe sp.,2.8,25,57.5025,Herbivore,6,3.75E-10
146,6low-6,Gammarus mucronatus,2.8,15,34.5015,Herbivore,6,0.000000001
147,6low-4,Erichsonella attenuata,2.8,10,23.001,Herbivore,6,2.08E-09
148,poly-6,Erichsonella attenuata,2.8,2,4.6002,Herbivore,9,4.25E-08
149,3high-5,Gammarus mucronatus,2.8,17,39.1017,Herbivore,3,7.72E-10
150,3high-5,Erichsonella attenuata,2.8,1,2.3001,Herbivore,3,1.56E-07
151,3high-4,Gammarus mucronatus,2.8,1,2.3001,Herbivore,3,1.56E-07
152,3high-4,Bittium varium,2.8,1,2.6722,Herbivore,3,1.17E-07
153,mono2-4,Erichsonella attenuata,2.8,37,85.1037,Herbivore,1,1.80E-10
154,mono2-4,Gammarus mucronatus,2.8,1,2.3001,Herbivore,1,1.56E-07
155,mono2-6,Erichsonella attenuata,2.8,11,25.3011,Herbivore,1,1.74E-09
156,mono4-4,Bittium varium,2.8,3,8.0166,Herbivore,1,0.000000015
157,mono4-2,Bittium varium,2.8,2,5.3444,Herbivore,1,3.21E-08
158,poly-2,Ampithoe sp.,2.8,1,2.3001,Herbivore,9,1.56E-07
159,mono2-1,Erichsonella attenuata,2.8,29,66.7029,Herbivore,1,2.84E-10
160,mono2-1,Gammarus mucronatus,2.8,2,4.6002,Herbivore,1,4.25E-08
161,mono2-1,Bittium varium,2.8,1,2.6722,Herbivore,1,1.17E-07
162,mono2-5,Erichsonella attenuata,2.8,18,41.4018,Herbivore,1,6.93E-10
163,mono3-4,Ampithoe sp.,2,486,442.7946,Herbivore,1,8.19E-12
164,mono3-4,Gammarus mucronatus,2,24,21.8664,Herbivore,1,2.29E-09
165,mono4-5,Bittium varium,2,4,4.1096,Herbivore,1,5.25E-08
166,3low-5,Ampithoe sp.,2,91,82.9101,Herbivore,3,1.89E-10
167,3low-5,Ampithoe sp.,2,91,92.9322,Herbivore,3,1.53E-10
168,mono8-5,Bittium varium,2,1,1.0274,Herbivore,1,7.04E-07
169,6high-6,Bittium varium,2,2,2.0548,Herbivore,6,1.92E-07
170,6high-6,Gammarus mucronatus,2,1,0.9111,Herbivore,6,8.82E-07
171,mono6-6,Gammarus mucronatus,2,2,1.8222,Herbivore,1,2.41E-07
172,mono6-6,Bittium varium,2,1,1.0274,Herbivore,1,7.04E-07
173,3low-5,Ampithoe sp.,2,102,82.9101,Herbivore,3,1.89E-10
174,3low-5,Ampithoe sp.,2,102,92.9322,Herbivore,3,1.53E-10
175,3low-6,Gammarus mucronatus,2,42,38.2662,Herbivore,3,8.04E-10
176,6low-5,Ampithoe sp.,2,178,162.1758,Herbivore,6,5.38E-11
177,6low-5,Erichsonella attenuata,2,3,2.7333,Herbivore,6,1.13E-07
178,6low-5,Gammarus mucronatus,2,98,89.2878,Herbivore,6,1.64E-10
179,3low-4,Erichsonella attenuata,2,8,7.2888,Herbivore,3,1.79E-08
180,3low-4,Ampithoe sp.,2,236,215.0196,Herbivore,3,3.17E-11
181,3low-4,Gammarus mucronatus,2,2,1.8222,Herbivore,3,2.41E-07
182,3low-4,Bittium varium,2,1,1.0274,Herbivore,3,7.04E-07
183,mono3-5,Ampithoe sp.,2,306,278.7966,Herbivore,1,1.95E-11
184,mono1-3,Gammarus mucronatus,2,92,83.8212,Herbivore,1,1.85E-10
185,mono1-6,Gammarus mucronatus,2,360,327.996,Herbivore,1,1.44E-11
186,mono1-6,Ampithoe sp.,2,1,0.9111,Herbivore,1,8.82E-07
187,mono3-3,Ampithoe sp.,2,390,355.329,Herbivore,1,1.24E-11
188,mono3-3,Bittium varium,2,2,2.0548,Herbivore,1,1.92E-07
189,mono3-1,Ampithoe sp.,2,453,412.7283,Herbivore,1,9.35E-12
190,mono1-1,Gammarus mucronatus,2,180,163.998,Herbivore,1,5.26E-11
191,mono3-2,Ampithoe sp.,2,249,226.8639,Herbivore,1,2.87E-11
192,mono1-2,Gammarus mucronatus,2,170,154.887,Herbivore,1,5.86E-11
193,mono1-2,Ampithoe sp.,2,14,12.7554,Herbivore,1,6.29E-09
194,mono1-4,Gammarus mucronatus,2,150,136.665,Herbivore,1,7.41E-11
195,mono1-4,Bittium varium,2,2,2.0548,Herbivore,1,1.92E-07
196,mono3-6,Ampithoe sp.,2,609,554.8599,Herbivore,1,5.37E-12
197,mono1-5,Gammarus mucronatus,2,245,223.2195,Herbivore,1,2.95E-11
198,6high-5,Erichsonella attenuata,2,1,0.9111,Herbivore,6,8.82E-07
199,6high-5,Bittium varium,2,3,3.0822,Herbivore,6,8.99E-08
200,6low-1,Gammarus mucronatus,2,3,2.7333,Herbivore,6,1.13E-07
201,6low-1,Ampithoe sp.,2,23,20.9553,Herbivore,6,2.48E-09
202,mono8-4,Bittium varium,2,2,2.0548,Herbivore,1,1.92E-07
203,mono8-4,Ampithoe sp.,2,1,0.9111,Herbivore,1,8.82E-07
204,mono7-6,Gammarus mucronatus,2,1,0.9111,Herbivore,1,8.82E-07
205,mono9-5,Bittium varium,2,3,3.0822,Herbivore,1,8.99E-08
206,mono9-5,Gammarus mucronatus,2,3,2.7333,Herbivore,1,1.13E-07
207,mono7-1,Ampithoe sp.,2,28,25.5108,Herbivore,1,1.72E-09
208,6high-2,Erichsonella attenuata,2,4,3.6444,Herbivore,6,6.57E-08
209,6high-2,Gammarus mucronatus,2,6,5.4666,Herbivore,6,3.07E-08
210,6high-2,Bittium varium,2,6,6.1644,Herbivore,6,2.46E-08
211,mono9-2,Bittium varium,2,3,3.0822,Herbivore,1,8.99E-08
212,mono9-4,Bittium varium,2,2,2.0548,Herbivore,1,1.92E-07
213,mono7-3,Gammarus mucronatus,2,1,0.9111,Herbivore,1,8.82E-07
214,3low-3,Gammarus mucronatus,2,91,82.9101,Herbivore,3,1.89E-10
215,3low-1,Ampithoe sp.,2,190,173.109,Herbivore,3,4.76E-11
216,3low-1,Bittium varium,2,5,5.137,Herbivore,3,3.45E-08
217,3high-1,Erichsonella attenuata,2,4,3.6444,Herbivore,3,6.57E-08
218,3high-1,Bittium varium,2,3,3.0822,Herbivore,3,8.99E-08
219,poly-4,Bittium varium,2,3,3.0822,Herbivore,9,8.99E-08
220,poly-4,Erichsonella attenuata,2,1,0.9111,Herbivore,9,8.82E-07
221,poly-4,Ampithoe sp.,2,4,3.6444,Herbivore,9,6.57E-08
222,poly-4,Gammarus mucronatus,2,7,6.3777,Herbivore,9,0.000000023
223,mono7-4,Bittium varium,2,4,4.1096,Herbivore,1,5.25E-08
224,mono7-4,Erichsonella attenuata,2,1,0.9111,Herbivore,1,8.82E-07
225,mono7-4,Ampithoe sp.,2,1,0.9111,Herbivore,1,8.82E-07
226,mono2-3,Erichsonella attenuata,2,7,6.3777,Herbivore,1,0.000000023
227,6high-3,Erichsonella attenuata,2,3,2.7333,Herbivore,6,1.13E-07
228,6high-3,Bittium varium,2,5,5.137,Herbivore,6,3.45E-08
229,6high-3,Ampithoe sp.,2,1,0.9111,Herbivore,6,8.82E-07
230,6low-2,Bittium varium,2,1,1.0274,Herbivore,6,7.04E-07
231,mono4-1,Bittium varium,2,13,13.3562,Herbivore,1,5.77E-09
232,mono4-1,Gammarus mucronatus,2,1,0.9111,Herbivore,1,8.82E-07
233,poly-1,Ampithoe sp.,2,6,5.4666,Herbivore,9,3.07E-08
234,mono8-1,Bittium varium,2,1,1.0274,Herbivore,1,7.04E-07
235,3high-2,Erichsonella attenuata,2,1,0.9111,Herbivore,3,8.82E-07
236,3high-2,Bittium varium,2,17,17.4658,Herbivore,3,3.49E-09
237,3high-2,Gammarus mucronatus,2,1,0.9111,Herbivore,3,8.82E-07
238,mono9-1,Gammarus mucronatus,2,1,0.9111,Herbivore,1,8.82E-07
239,mono5-1,Gammarus mucronatus,2,1,0.9111,Herbivore,1,8.82E-07
240,mono5-3,Bittium varium,2,1,1.0274,Herbivore,1,7.04E-07
241,mono5-3,Ampithoe sp.,2,1,0.9111,Herbivore,1,8.82E-07
242,mono2-2,Erichsonella attenuata,2,25,22.7775,Herbivore,1,2.12E-09
243,3high-3,Erichsonella attenuata,2,2,1.8222,Herbivore,3,2.41E-07
244,3high-3,Ampithoe sp.,2,1,0.9111,Herbivore,3,8.82E-07
245,mono6-3,Erichsonella attenuata,2,1,0.9111,Herbivore,1,8.82E-07
246,3low-2,Gammarus mucronatus,2,68,61.9548,Herbivore,3,3.26E-10
247,3low-2,Bittium varium,2,6,6.1644,Herbivore,3,2.46E-08
248,3high-6,Gammarus mucronatus,2,83,75.6213,Herbivore,3,2.24E-10
249,3high-6,Ampithoe sp.,2,1,0.9111,Herbivore,3,8.82E-07
250,mono4-3,Bittium varium,2,7,7.1918,Herbivore,1,1.84E-08
251,mono4-3,Erichsonella attenuata,2,1,0.9111,Herbivore,1,8.82E-07
252,poly-3,Gammarus mucronatus,2,1,0.9111,Herbivore,9,8.82E-07
253,poly-3,Ampithoe sp.,2,11,10.0221,Herbivore,9,9.88E-09
254,poly-3,Bittium varium,2,2,2.0548,Herbivore,9,1.92E-07
255,mono4-6,Bittium varium,2,8,8.2192,Herbivore,1,1.43E-08
256,mono8-6,Bittium varium,2,1,1.0274,Herbivore,1,7.04E-07
257,mono7-5,Bittium varium,2,3,3.0822,Herbivore,1,8.99E-08
258,6low-6,Erichsonella attenuata,2,1,0.9111,Herbivore,6,8.82E-07
259,6low-6,Ampithoe sp.,2,59,53.7549,Herbivore,6,4.25E-10
260,6low-6,Gammarus mucronatus,2,25,22.7775,Herbivore,6,2.12E-09
261,6high-4,Gammarus mucronatus,2,2,1.8222,Herbivore,6,2.41E-07
262,6low-4,Erichsonella attenuata,2,7,6.3777,Herbivore,6,0.000000023
263,3high-5,Gammarus mucronatus,2,30,27.333,Herbivore,3,1.51E-09
264,3high-5,Bittium varium,2,4,4.1096,Herbivore,3,5.25E-08
265,mono6-4,Gammarus mucronatus,2,1,0.9111,Herbivore,1,8.82E-07
266,3high-4,Gammarus mucronatus,2,1,0.9111,Herbivore,3,8.82E-07
267,3high-4,Bittium varium,2,8,8.2192,Herbivore,3,1.43E-08
268,mono2-4,Erichsonella attenuata,2,26,23.6886,Herbivore,1,0.000000002
269,mono2-6,Erichsonella attenuata,2,4,3.6444,Herbivore,1,6.57E-08
270,mono6-2,Bittium varium,2,3,3.0822,Herbivore,1,8.99E-08
271,mono5-4,Bittium varium,2,1,1.0274,Herbivore,1,7.04E-07
272,mono4-4,Bittium varium,2,7,7.1918,Herbivore,1,1.84E-08
273,mono4-2,Bittium varium,2,13,13.3562,Herbivore,1,5.77E-09
274,poly-2,Ampithoe sp.,2,6,5.4666,Herbivore,9,3.07E-08
275,poly-2,Bittium varium,2,2,2.0548,Herbivore,9,1.92E-07
276,poly-2,Erichsonella attenuata,2,1,0.9111,Herbivore,9,8.82E-07
277,mono2-1,Erichsonella attenuata,2,21,19.1331,Herbivore,1,2.94E-09
278,mono2-1,Gammarus mucronatus,2,8,7.2888,Herbivore,1,1.79E-08
279,mono2-5,Erichsonella attenuata,2,10,9.111,Herbivore,1,1.18E-08
280,mono2-5,Gammarus mucronatus,2,1,0.9111,Herbivore,1,8.82E-07
281,mono2-5,Bittium varium,2,1,1.0274,Herbivore,1,7.04E-07
282,mono3-4,Ampithoe sp.,1.4,437,157.7133,Herbivore,1,5.66E-11
283,mono3-4,Gammarus mucronatus,1.4,12,4.3308,Herbivore,1,4.76E-08
284,6high-1,Gammarus mucronatus,1.4,1,0.3609,Herbivore,6,4.99E-06
285,mono4-5,Bittium varium,1.4,43,16.985,Herbivore,1,3.68E-09
286,3low-5,Ampithoe sp.,1.4,148,53.4132,Herbivore,3,4.30E-10
287,3low-5,Ampithoe sp.,1.4,148,40.0599,Herbivore,3,7.38E-10
288,3low-5,Bittium varium,1.4,1,0.395,Herbivore,3,4.22E-06
289,3low-5,Bittium varium,1.4,1,0.79,Herbivore,3,1.15E-06
290,6high-6,Bittium varium,1.4,3,1.185,Herbivore,6,5.39E-07
291,6high-6,Gammarus mucronatus,1.4,1,0.3609,Herbivore,6,4.99E-06
292,mono6-6,Bittium varium,1.4,1,0.395,Herbivore,1,4.22E-06
293,3low-5,Ampithoe sp.,1.4,111,53.4132,Herbivore,3,4.30E-10
294,3low-5,Ampithoe sp.,1.4,111,40.0599,Herbivore,3,7.38E-10
295,3low-5,Bittium varium,1.4,2,0.395,Herbivore,3,4.22E-06
296,3low-5,Bittium varium,1.4,2,0.79,Herbivore,3,1.15E-06
297,3low-6,Gammarus mucronatus,1.4,104,37.5336,Herbivore,3,8.33E-10
298,3low-6,Bittium varium,1.4,2,0.79,Herbivore,3,1.15E-06
299,6low-5,Ampithoe sp.,1.4,23,8.3007,Herbivore,6,1.41E-08
300,6low-5,Erichsonella attenuata,1.4,3,1.0827,Herbivore,6,6.38E-07
301,6low-5,Gammarus mucronatus,1.4,11,3.9699,Herbivore,6,0.000000056
302,3low-4,Erichsonella attenuata,1.4,4,1.4436,Herbivore,3,3.72E-07
303,3low-4,Ampithoe sp.,1.4,333,120.1797,Herbivore,3,9.42E-11
304,3low-4,Bittium varium,1.4,4,1.58,Herbivore,3,3.14E-07
305,mono3-5,Ampithoe sp.,1.4,314,113.3226,Herbivore,1,1.05E-10
306,mono3-5,Gammarus mucronatus,1.4,1,0.3609,Herbivore,1,4.99E-06
307,mono1-3,Gammarus mucronatus,1.4,214,77.2326,Herbivore,1,2.16E-10
308,mono1-6,Gammarus mucronatus,1.4,199,71.8191,Herbivore,1,2.47E-10
309,mono3-3,Ampithoe sp.,1.4,467,168.5403,Herbivore,1,5.00E-11
310,mono3-3,Bittium varium,1.4,4,1.58,Herbivore,1,3.14E-07
311,mono3-1,Ampithoe sp.,1.4,661,238.5549,Herbivore,1,2.61E-11
312,mono3-1,Gammarus mucronatus,1.4,1,0.3609,Herbivore,1,4.99E-06
313,mono3-1,Bittium varium,1.4,1,0.395,Herbivore,1,4.22E-06
314,mono1-1,Gammarus mucronatus,1.4,248,89.5032,Herbivore,1,1.64E-10
315,mono3-2,Ampithoe sp.,1.4,490,176.841,Herbivore,1,4.57E-11
316,mono3-2,Bittium varium,1.4,2,0.79,Herbivore,1,1.15E-06
317,mono1-2,Gammarus mucronatus,1.4,287,103.5783,Herbivore,1,1.24E-10
318,mono1-2,Ampithoe sp.,1.4,19,6.8571,Herbivore,1,2.01E-08
319,mono1-4,Gammarus mucronatus,1.4,217,78.3153,Herbivore,1,2.10E-10
320,mono3-6,Ampithoe sp.,1.4,476,171.7884,Herbivore,1,4.83E-11
321,mono3-6,Bittium varium,1.4,4,1.58,Herbivore,1,3.14E-07
322,mono1-5,Gammarus mucronatus,1.4,243,87.6987,Herbivore,1,1.70E-10
323,6low-1,Gammarus mucronatus,1.4,1,0.3609,Herbivore,6,4.99E-06
324,6low-1,Ampithoe sp.,1.4,9,3.2481,Herbivore,6,8.15E-08
325,6low-1,Bittium varium,1.4,1,0.395,Herbivore,6,4.22E-06
326,mono8-4,Bittium varium,1.4,3,1.185,Herbivore,1,5.39E-07
327,mono7-6,Gammarus mucronatus,1.4,1,0.3609,Herbivore,1,4.99E-06
328,mono9-5,Bittium varium,1.4,2,0.79,Herbivore,1,1.15E-06
329,mono9-5,Gammarus mucronatus,1.4,5,1.8045,Herbivore,1,2.45E-07
330,mono7-1,Ampithoe sp.,1.4,92,33.2028,Herbivore,1,0.000000001
331,mono7-1,Gammarus mucronatus,1.4,1,0.3609,Herbivore,1,4.99E-06
332,6high-2,Gammarus mucronatus,1.4,1,0.3609,Herbivore,6,4.99E-06
333,6high-2,Bittium varium,1.4,3,1.185,Herbivore,6,5.39E-07
334,mono9-2,Bittium varium,1.4,11,4.345,Herbivore,1,4.73E-08
335,3low-3,Gammarus mucronatus,1.4,201,72.5409,Herbivore,3,2.43E-10
336,3low-1,Ampithoe sp.,1.4,240,86.616,Herbivore,3,1.74E-10
337,3high-1,Erichsonella attenuata,1.4,3,1.0827,Herbivore,3,6.38E-07
338,3high-1,Bittium varium,1.4,13,5.135,Herbivore,3,3.46E-08
339,3high-1,Gammarus mucronatus,1.4,1,0.3609,Herbivore,3,4.99E-06
340,mono6-1,Gammarus mucronatus,1.4,1,0.3609,Herbivore,1,4.99E-06
341,poly-4,Bittium varium,1.4,7,2.765,Herbivore,9,1.10E-07
342,poly-4,Erichsonella attenuata,1.4,1,0.3609,Herbivore,9,4.99E-06
343,poly-4,Ampithoe sp.,1.4,13,4.6917,Herbivore,9,4.09E-08
344,poly-4,Gammarus mucronatus,1.4,8,2.8872,Herbivore,9,1.02E-07
345,mono7-4,Bittium varium,1.4,1,0.395,Herbivore,1,4.22E-06
346,mono2-3,Erichsonella attenuata,1.4,4,1.4436,Herbivore,1,3.72E-07
347,mono2-3,Bittium varium,1.4,3,1.185,Herbivore,1,5.39E-07
348,6high-3,Erichsonella attenuata,1.4,3,1.0827,Herbivore,6,6.38E-07
349,6high-3,Bittium varium,1.4,3,1.185,Herbivore,6,5.39E-07
350,6high-3,Ampithoe sp.,1.4,4,1.4436,Herbivore,6,3.72E-07
351,6low-2,Gammarus mucronatus,1.4,1,0.3609,Herbivore,6,4.99E-06
352,mono4-1,Bittium varium,1.4,26,10.27,Herbivore,1,9.44E-09
353,mono4-1,Gammarus mucronatus,1.4,2,0.7218,Herbivore,1,1.36E-06
354,mono4-1,Erichsonella attenuata,1.4,1,0.3609,Herbivore,1,4.99E-06
355,poly-1,Ampithoe sp.,1.4,14,5.0526,Herbivore,9,3.56E-08
356,6low-3,Ampithoe sp.,1.4,1,0.3609,Herbivore,6,4.99E-06
357,3high-2,Bittium varium,1.4,28,11.06,Herbivore,3,8.22E-09
358,3high-2,Gammarus mucronatus,1.4,1,0.3609,Herbivore,3,4.99E-06
359,mono5-3,Bittium varium,1.4,4,1.58,Herbivore,1,3.14E-07
360,mono2-2,Erichsonella attenuata,1.4,17,6.1353,Herbivore,1,2.48E-08
361,mono2-2,Bittium varium,1.4,3,1.185,Herbivore,1,5.39E-07
362,3high-3,Erichsonella attenuata,1.4,5,1.8045,Herbivore,3,2.45E-07
363,mono6-3,Erichsonella attenuata,1.4,5,1.8045,Herbivore,1,2.45E-07
364,3low-2,Gammarus mucronatus,1.4,62,22.3758,Herbivore,3,2.20E-09
365,3low-2,Bittium varium,1.4,14,5.53,Herbivore,3,3.01E-08
366,3high-6,Gammarus mucronatus,1.4,124,44.7516,Herbivore,3,5.99E-10
367,mono4-3,Bittium varium,1.4,30,11.85,Herbivore,1,7.22E-09
368,poly-3,Ampithoe sp.,1.4,14,5.0526,Herbivore,9,3.56E-08
369,poly-3,Bittium varium,1.4,5,1.975,Herbivore,9,0.000000207
370,mono4-6,Bittium varium,1.4,29,11.455,Herbivore,1,7.69E-09
371,mono4-6,Gammarus mucronatus,1.4,1,0.3609,Herbivore,1,4.99E-06
372,mono8-6,Bittium varium,1.4,1,0.395,Herbivore,1,4.22E-06
373,mono7-5,Bittium varium,1.4,6,2.37,Herbivore,1,1.47E-07
374,6low-6,Ampithoe sp.,1.4,51,18.4059,Herbivore,6,3.16E-09
375,6low-6,Gammarus mucronatus,1.4,13,4.6917,Herbivore,6,4.09E-08
376,6low-6,Bittium varium,1.4,5,1.975,Herbivore,6,0.000000207
377,mono9-6,Ampithoe sp.,1.4,1,0.3609,Herbivore,1,4.99E-06
378,6low-4,Erichsonella attenuata,1.4,7,2.5263,Herbivore,6,1.31E-07
379,6low-4,Ampithoe sp.,1.4,2,0.7218,Herbivore,6,1.36E-06
380,poly-6,Gammarus mucronatus,1.4,3,1.0827,Herbivore,9,6.38E-07
381,poly-6,Bittium varium,1.4,2,0.79,Herbivore,9,1.15E-06
382,3high-5,Gammarus mucronatus,1.4,52,18.7668,Herbivore,3,3.05E-09
383,3high-5,Bittium varium,1.4,19,7.505,Herbivore,3,0.000000017
384,mono6-5,Gammarus mucronatus,1.4,1,0.3609,Herbivore,1,4.99E-06
385,3high-4,Bittium varium,1.4,20,7.9,Herbivore,3,1.54E-08
386,3high-4,Ampithoe sp.,1.4,1,0.3609,Herbivore,3,4.99E-06
387,mono2-4,Erichsonella attenuata,1.4,20,7.218,Herbivore,1,1.83E-08
388,mono2-4,Gammarus mucronatus,1.4,2,0.7218,Herbivore,1,1.36E-06
389,mono2-4,Bittium varium,1.4,3,1.185,Herbivore,1,5.39E-07
390,mono2-6,Erichsonella attenuata,1.4,10,3.609,Herbivore,1,6.69E-08
391,mono2-6,Bittium varium,1.4,2,0.79,Herbivore,1,1.15E-06
392,mono6-2,Bittium varium,1.4,13,5.135,Herbivore,1,3.46E-08
393,mono8-2,Bittium varium,1.4,1,0.395,Herbivore,1,4.22E-06
394,mono4-4,Bittium varium,1.4,25,9.875,Herbivore,1,1.02E-08
395,mono4-2,Bittium varium,1.4,29,11.455,Herbivore,1,7.69E-09
396,mono4-2,Ampithoe sp.,1.4,1,0.3609,Herbivore,1,4.99E-06
397,mono4-2,Erichsonella attenuata,1.4,2,0.7218,Herbivore,1,1.36E-06
398,poly-2,Ampithoe sp.,1.4,4,1.4436,Herbivore,9,3.72E-07
399,poly-2,Bittium varium,1.4,5,1.975,Herbivore,9,0.000000207
400,poly-2,Erichsonella attenuata,1.4,1,0.3609,Herbivore,9,4.99E-06
401,poly-2,Gammarus mucronatus,1.4,3,1.0827,Herbivore,9,6.38E-07
402,mono2-1,Erichsonella attenuata,1.4,8,2.8872,Herbivore,1,1.02E-07
403,mono2-1,Gammarus mucronatus,1.4,1,0.3609,Herbivore,1,4.99E-06
404,mono2-1,Bittium varium,1.4,3,1.185,Herbivore,1,5.39E-07
405,mono2-5,Erichsonella attenuata,1.4,16,5.7744,Herbivore,1,2.78E-08
406,mono2-5,Ampithoe sp.,1.4,1,0.3609,Herbivore,1,4.99E-06
407,mono3-4,Ampithoe sp.,1,335,47.905,Herbivore,1,5.28E-10
408,mono3-4,Gammarus mucronatus,1,5,0.715,Herbivore,1,0.000001388
409,mono4-5,Bittium varium,1,13,1.9747,Herbivore,1,0.000000207
410,3low-5,Ampithoe sp.,1,51,7.293,Herbivore,3,1.79E-08
411,3low-5,Ampithoe sp.,1,51,6.292,Herbivore,3,2.36E-08
412,3low-5,Bittium varium,1,4,0.6076,Herbivore,3,1.88E-06
413,3low-5,Bittium varium,1,4,0.6076,Herbivore,3,1.88E-06
414,6high-6,Bittium varium,1,2,0.3038,Herbivore,6,6.90E-06
415,3low-5,Ampithoe sp.,1,44,7.293,Herbivore,3,1.79E-08
416,3low-5,Ampithoe sp.,1,44,6.292,Herbivore,3,2.36E-08
417,3low-5,Bittium varium,1,4,0.6076,Herbivore,3,1.88E-06
418,3low-5,Bittium varium,1,4,0.6076,Herbivore,3,1.88E-06
419,3low-6,Gammarus mucronatus,1,31,4.433,Herbivore,3,4.55E-08
420,6low-5,Ampithoe sp.,1,185,26.455,Herbivore,6,1.60E-09
421,6low-5,Erichsonella attenuata,1,4,0.572,Herbivore,6,2.11E-06
422,6low-5,Gammarus mucronatus,1,65,9.295,Herbivore,6,1.14E-08
423,3low-4,Erichsonella attenuata,1,7,1.001,Herbivore,3,7.39E-07
424,3low-4,Ampithoe sp.,1,206,29.458,Herbivore,3,1.31E-09
425,mono3-5,Ampithoe sp.,1,231,33.033,Herbivore,1,1.06E-09
426,mono1-3,Gammarus mucronatus,1,203,29.029,Herbivore,1,1.35E-09
427,mono1-6,Gammarus mucronatus,1,326,46.618,Herbivore,1,5.55E-10
428,mono1-6,Ampithoe sp.,1,2,0.286,Herbivore,1,7.72E-06
429,mono3-3,Ampithoe sp.,1,302,43.186,Herbivore,1,6.41E-10
430,mono3-3,Bittium varium,1,1,0.1519,Herbivore,1,2.53E-05
431,mono3-1,Ampithoe sp.,1,287,41.041,Herbivore,1,7.05E-10
432,mono3-1,Bittium varium,1,1,0.1519,Herbivore,1,2.53E-05
433,mono1-1,Gammarus mucronatus,1,167,23.881,Herbivore,1,1.94E-09
434,mono3-2,Ampithoe sp.,1,416,59.488,Herbivore,1,3.52E-10
435,mono3-2,Bittium varium,1,1,0.1519,Herbivore,1,2.53E-05
436,mono1-2,Gammarus mucronatus,1,214,30.602,Herbivore,1,1.22E-09
437,mono1-4,Gammarus mucronatus,1,156,22.308,Herbivore,1,2.21E-09
438,mono3-6,Ampithoe sp.,1,368,52.624,Herbivore,1,4.42E-10
439,mono3-6,Bittium varium,1,1,0.1519,Herbivore,1,2.53E-05
440,mono1-5,Gammarus mucronatus,1,267,38.181,Herbivore,1,8.07E-10
441,6high-5,Bittium varium,1,1,0.1519,Herbivore,6,2.53E-05
442,6high-5,Gammarus mucronatus,1,1,0.143,Herbivore,6,2.83E-05
443,6low-1,Gammarus mucronatus,1,4,0.572,Herbivore,6,2.11E-06
444,6low-1,Ampithoe sp.,1,12,1.716,Herbivore,6,2.69E-07
445,mono8-4,Bittium varium,1,1,0.1519,Herbivore,1,2.53E-05
446,mono9-5,Gammarus mucronatus,1,9,1.287,Herbivore,1,4.62E-07
447,mono7-1,Ampithoe sp.,1,102,14.586,Herbivore,1,4.89E-09
448,6high-2,Bittium varium,1,2,0.3038,Herbivore,6,6.90E-06
449,mono9-2,Bittium varium,1,1,0.1519,Herbivore,1,2.53E-05
450,3low-3,Gammarus mucronatus,1,109,15.587,Herbivore,3,4.32E-09
451,3low-1,Ampithoe sp.,1,222,31.746,Herbivore,3,1.14E-09
452,3low-1,Bittium varium,1,9,1.3671,Herbivore,3,4.12E-07
453,3low-1,Gammarus mucronatus,1,1,0.143,Herbivore,3,2.83E-05
454,3high-1,Erichsonella attenuata,1,3,0.429,Herbivore,3,3.61E-06
455,3high-1,Bittium varium,1,12,1.8228,Herbivore,3,2.41E-07
456,poly-4,Bittium varium,1,7,1.0633,Herbivore,9,6.60E-07
457,poly-4,Ampithoe sp.,1,6,0.858,Herbivore,9,9.86E-07
458,poly-4,Gammarus mucronatus,1,2,0.286,Herbivore,9,7.72E-06
459,mono2-3,Erichsonella attenuata,1,3,0.429,Herbivore,1,3.61E-06
460,6high-3,Bittium varium,1,1,0.1519,Herbivore,6,2.53E-05
461,6high-3,Ampithoe sp.,1,1,0.143,Herbivore,6,2.83E-05
462,6low-2,Gammarus mucronatus,1,1,0.143,Herbivore,6,2.83E-05
463,6low-2,Ampithoe sp.,1,1,0.143,Herbivore,6,2.83E-05
464,mono4-1,Bittium varium,1,15,2.2785,Herbivore,1,1.58E-07
465,poly-1,Ampithoe sp.,1,33,4.719,Herbivore,9,4.05E-08
466,6low-3,Erichsonella attenuata,1,1,0.143,Herbivore,6,2.83E-05
467,3high-2,Bittium varium,1,9,1.3671,Herbivore,3,4.12E-07
468,mono2-2,Erichsonella attenuata,1,12,1.716,Herbivore,1,2.69E-07
469,3high-3,Erichsonella attenuata,1,1,0.143,Herbivore,3,2.83E-05
470,3low-2,Gammarus mucronatus,1,26,3.718,Herbivore,3,6.33E-08
471,3low-2,Bittium varium,1,2,0.3038,Herbivore,3,6.90E-06
472,3high-6,Gammarus mucronatus,1,70,10.01,Herbivore,3,9.90E-09
473,mono4-3,Bittium varium,1,22,3.3418,Herbivore,1,7.73E-08
474,poly-3,Ampithoe sp.,1,19,2.717,Herbivore,9,1.14E-07
475,mono4-6,Ampithoe sp.,1,1,0.143,Herbivore,1,2.83E-05
476,mono4-6,Bittium varium,1,15,2.2785,Herbivore,1,1.58E-07
477,mono8-6,Bittium varium,1,2,0.3038,Herbivore,1,6.90E-06
478,mono7-5,Bittium varium,1,2,0.3038,Herbivore,1,6.90E-06
479,6low-6,Ampithoe sp.,1,25,3.575,Herbivore,6,6.81E-08
480,6low-6,Gammarus mucronatus,1,2,0.286,Herbivore,6,7.72E-06
481,6low-6,Bittium varium,1,2,0.3038,Herbivore,6,6.90E-06
482,6low-4,Erichsonella attenuata,1,4,0.572,Herbivore,6,2.11E-06
483,6low-4,Ampithoe sp.,1,3,0.429,Herbivore,6,3.61E-06
484,poly-6,Gammarus mucronatus,1,2,0.286,Herbivore,9,7.72E-06
485,3high-5,Gammarus mucronatus,1,32,4.576,Herbivore,3,4.29E-08
486,3high-5,Bittium varium,1,5,0.7595,Herbivore,3,1.24E-06
487,mono6-5,Gammarus mucronatus,1,1,0.143,Herbivore,1,2.83E-05
488,mono6-5,Bittium varium,1,1,0.1519,Herbivore,1,2.53E-05
489,3high-4,Bittium varium,1,4,0.6076,Herbivore,3,1.88E-06
490,3high-4,Ampithoe sp.,1,7,1.001,Herbivore,3,7.39E-07
491,mono2-4,Erichsonella attenuata,1,12,1.716,Herbivore,1,2.69E-07
492,mono2-4,Ampithoe sp.,1,2,0.286,Herbivore,1,7.72E-06
493,mono2-6,Erichsonella attenuata,1,2,0.286,Herbivore,1,7.72E-06
494,mono6-2,Bittium varium,1,2,0.3038,Herbivore,1,6.90E-06
495,mono5-4,Ampithoe sp.,1,1,0.143,Herbivore,1,2.83E-05
496,mono4-4,Bittium varium,1,9,1.3671,Herbivore,1,4.12E-07
497,mono4-2,Bittium varium,1,9,1.3671,Herbivore,1,4.12E-07
498,poly-2,Bittium varium,1,3,0.4557,Herbivore,9,3.23E-06
499,mono2-1,Erichsonella attenuata,1,8,1.144,Herbivore,1,5.76E-07
500,mono2-1,Gammarus mucronatus,1,2,0.286,Herbivore,1,7.72E-06
501,mono2-1,Bittium varium,1,1,0.1519,Herbivore,1,2.53E-05
502,mono2-5,Erichsonella attenuata,1,6,0.858,Herbivore,1,9.86E-07
503,mono3-4,Ampithoe sp.,0.71,127,7.3279,Herbivore,1,1.78E-08
504,mono3-4,Gammarus mucronatus,0.71,2,0.1154,Herbivore,1,4.23E-05
505,3low-5,Ampithoe sp.,0.71,12,0.6924,Herbivore,3,1.47E-06
506,3low-5,Ampithoe sp.,0.71,12,0.4616,Herbivore,3,3.15E-06
507,3low-5,Bittium varium,0.71,4,0.2384,Herbivore,3,1.09E-05
508,3low-5,Bittium varium,0.71,4,0.1192,Herbivore,3,3.98E-05
509,3low-5,Ampithoe sp.,0.71,8,0.6924,Herbivore,3,1.47E-06
510,3low-5,Ampithoe sp.,0.71,8,0.4616,Herbivore,3,3.15E-06
511,3low-5,Bittium varium,0.71,2,0.2384,Herbivore,3,1.09E-05
512,3low-5,Bittium varium,0.71,2,0.1192,Herbivore,3,3.98E-05
513,3low-6,Gammarus mucronatus,0.71,24,1.3848,Herbivore,3,4.02E-07
514,6low-5,Ampithoe sp.,0.71,156,9.0012,Herbivore,6,1.21E-08
515,6low-5,Erichsonella attenuata,0.71,1,0.0577,Herbivore,6,0.000154784
516,6low-5,Gammarus mucronatus,0.71,64,3.6928,Herbivore,6,6.41E-08
517,6low-5,Bittium varium,0.71,1,0.0596,Herbivore,6,0.000145671
518,3low-4,Erichsonella attenuata,0.71,1,0.0577,Herbivore,3,0.000154784
519,3low-4,Ampithoe sp.,0.71,81,4.6737,Herbivore,3,4.12E-08
520,3low-4,Gammarus mucronatus,0.71,1,0.0577,Herbivore,3,0.000154784
521,mono3-5,Ampithoe sp.,0.71,47,2.7119,Herbivore,1,1.14E-07
522,mono3-5,Bittium varium,0.71,1,0.0596,Herbivore,1,0.000145671
523,mono1-3,Gammarus mucronatus,0.71,50,2.885,Herbivore,1,1.02E-07
524,mono1-6,Gammarus mucronatus,0.71,144,8.3088,Herbivore,1,0.000000014
525,mono1-6,Ampithoe sp.,0.71,2,0.1154,Herbivore,1,4.23E-05
526,mono3-3,Ampithoe sp.,0.71,21,1.2117,Herbivore,1,5.17E-07
527,mono3-1,Ampithoe sp.,0.71,115,6.6355,Herbivore,1,2.14E-08
528,mono1-1,Gammarus mucronatus,0.71,59,3.4043,Herbivore,1,7.47E-08
529,mono3-2,Ampithoe sp.,0.71,212,12.2324,Herbivore,1,6.80E-09
530,mono1-2,Gammarus mucronatus,0.71,85,4.9045,Herbivore,1,3.77E-08
531,mono1-2,Ampithoe sp.,0.71,3,0.1731,Herbivore,1,1.98E-05
532,mono1-4,Gammarus mucronatus,0.71,56,3.2312,Herbivore,1,8.23E-08
533,mono3-6,Ampithoe sp.,0.71,119,6.8663,Herbivore,1,2.01E-08
534,mono1-5,Gammarus mucronatus,0.71,342,19.7334,Herbivore,1,2.78E-09
535,6low-1,Ampithoe sp.,0.71,6,0.3462,Herbivore,6,5.40E-06
536,mono7-1,Ampithoe sp.,0.71,76,4.3852,Herbivore,1,4.65E-08
537,6high-2,Gammarus mucronatus,0.71,1,0.0577,Herbivore,6,0.000154784
538,3low-3,Gammarus mucronatus,0.71,26,1.5002,Herbivore,3,3.46E-07
539,3low-1,Ampithoe sp.,0.71,117,6.7509,Herbivore,3,2.07E-08
540,3low-1,Bittium varium,0.71,1,0.0596,Herbivore,3,0.000145671
541,poly-4,Bittium varium,0.71,1,0.0596,Herbivore,9,0.000145671
542,poly-4,Ampithoe sp.,0.71,10,0.577,Herbivore,9,0.000002074
543,poly-4,Gammarus mucronatus,0.71,3,0.1731,Herbivore,9,1.98E-05
544,6low-2,Ampithoe sp.,0.71,1,0.0577,Herbivore,6,0.000154784
545,poly-1,Ampithoe sp.,0.71,6,0.3462,Herbivore,9,5.40E-06
546,mono2-2,Erichsonella attenuata,0.71,2,0.1154,Herbivore,1,4.23E-05
547,3low-2,Gammarus mucronatus,0.71,30,1.731,Herbivore,3,0.000000265
548,3high-6,Gammarus mucronatus,0.71,33,1.9041,Herbivore,3,2.22E-07
549,poly-3,Gammarus mucronatus,0.71,1,0.0577,Herbivore,9,0.000154784
550,poly-3,Ampithoe sp.,0.71,1,0.0577,Herbivore,9,0.000154784
551,6low-6,Ampithoe sp.,0.71,4,0.2308,Herbivore,6,1.15E-05
552,6low-4,Erichsonella attenuata,0.71,3,0.1731,Herbivore,6,1.98E-05
553,6low-4,Ampithoe sp.,0.71,1,0.0577,Herbivore,6,0.000154784
554,3high-5,Gammarus mucronatus,0.71,7,0.4039,Herbivore,3,4.05E-06
555,3high-4,Ampithoe sp.,0.71,6,0.3462,Herbivore,3,5.40E-06
556,mono2-4,Erichsonella attenuata,0.71,1,0.0577,Herbivore,1,0.000154784
557,mono2-6,Erichsonella attenuata,0.71,3,0.1731,Herbivore,1,1.98E-05
558,poly-2,Ampithoe sp.,0.71,2,0.1154,Herbivore,9,4.23E-05
559,mono2-1,Erichsonella attenuata,0.71,5,0.2885,Herbivore,1,7.60E-06
560,mono2-5,Erichsonella attenuata,0.71,1,0.0577,Herbivore,1,0.000154784
561,mono3-4,Ampithoe sp.,0.5,54,1.2366,Herbivore,1,4.97E-07
562,3low-5,Ampithoe sp.,0.5,3,0.0687,Herbivore,3,0.000111634
563,3low-5,Ampithoe sp.,0.5,3,0.1374,Herbivore,3,3.05E-05
564,3low-5,Bittium varium,0.5,5,0.1145,Herbivore,3,4.29E-05
565,3low-5,Bittium varium,0.5,5,0.1832,Herbivore,3,1.78E-05
566,3low-5,Ampithoe sp.,0.5,6,0.0687,Herbivore,3,0.000111634
567,3low-5,Ampithoe sp.,0.5,6,0.1374,Herbivore,3,3.05E-05
568,3low-5,Bittium varium,0.5,8,0.1145,Herbivore,3,4.29E-05
569,3low-5,Bittium varium,0.5,8,0.1832,Herbivore,3,1.78E-05
570,3low-6,Gammarus mucronatus,0.5,7,0.1603,Herbivore,3,2.28E-05
571,6low-5,Ampithoe sp.,0.5,40,0.916,Herbivore,6,8.73E-07
572,6low-5,Gammarus mucronatus,0.5,14,0.3206,Herbivore,6,6.23E-06
573,3low-4,Ampithoe sp.,0.5,28,0.6412,Herbivore,3,1.70E-06
574,mono3-5,Ampithoe sp.,0.5,32,0.7328,Herbivore,1,1.33E-06
575,mono1-3,Gammarus mucronatus,0.5,12,0.2748,Herbivore,1,8.32E-06
576,mono1-6,Gammarus mucronatus,0.5,132,3.0228,Herbivore,1,9.33E-08
577,mono3-3,Ampithoe sp.,0.5,9,0.2061,Herbivore,1,1.43E-05
578,mono3-1,Ampithoe sp.,0.5,26,0.5954,Herbivore,1,1.96E-06
579,mono1-1,Gammarus mucronatus,0.5,16,0.3664,Herbivore,1,0.000004855
580,mono3-2,Ampithoe sp.,0.5,34,0.7786,Herbivore,1,1.18E-06
581,mono1-2,Gammarus mucronatus,0.5,30,0.687,Herbivore,1,1.50E-06
582,mono1-4,Gammarus mucronatus,0.5,18,0.4122,Herbivore,1,3.89E-06
583,mono3-6,Ampithoe sp.,0.5,26,0.5954,Herbivore,1,1.96E-06
584,mono1-5,Gammarus mucronatus,0.5,147,3.3663,Herbivore,1,7.62E-08
585,mono7-1,Ampithoe sp.,0.5,43,0.9847,Herbivore,1,7.62E-07
586,6high-2,Gammarus mucronatus,0.5,1,0.0229,Herbivore,6,0.000873777
587,3low-3,Gammarus mucronatus,0.5,63,1.4427,Herbivore,3,3.73E-07
588,3low-1,Ampithoe sp.,0.5,52,1.1908,Herbivore,3,5.34E-07
589,poly-4,Ampithoe sp.,0.5,6,0.1374,Herbivore,9,3.05E-05
590,3low-2,Gammarus mucronatus,0.5,12,0.2748,Herbivore,3,8.32E-06
591,3high-6,Gammarus mucronatus,0.5,12,0.2748,Herbivore,3,8.32E-06
592,mono8-6,Ampithoe sp.,0.5,1,0.0229,Herbivore,1,0.000873777
593,6low-6,Ampithoe sp.,0.5,2,0.0458,Herbivore,6,0.00023856
594,mono2-6,Erichsonella attenuata,0.5,2,0.0458,Herbivore,1,0.00023856
595,mono2-5,Erichsonella attenuata,0.5,2,0.0458,Herbivore,1,0.00023856
596,3high-1,Macroalgae,NA,3,4184.1,Primary producer,3,NA
597,3high-1,Fundulus heteroclitus,NA,1,552.3,Predator,3,NA
598,3high-2,Macroalgae,NA,2,3160.9,Primary producer,3,NA
599,3high-2,Syngnathus spp.,NA,1,115.7,Predator,3,NA
600,3high-3,Macroalgae,NA,3,404,Primary producer,3,NA
601,3high-3,Callinectes sapidus,NA,1,1255.6,Predator,3,NA
602,3high-4,Macroalgae,NA,2,3678.5,Primary producer,3,NA
603,3high-4,Fundulus heteroclitus,NA,1,762.8,Predator,3,NA
604,3high-5,Macroalgae,NA,2,3754.1,Primary producer,3,NA
605,3high-5,Syngnathus spp.,NA,1,83.3,Predator,3,NA
606,3high-6,Macroalgae,NA,3,4453.3,Primary producer,3,NA
607,3low-1,Macroalgae,NA,2,2742.4,Primary producer,3,NA
608,3low-1,Palaemonetes spp.,NA,1,34.1,Predator,3,NA
609,3low-2,Macroalgae,NA,3,1900,Primary producer,3,NA
610,3low-2,Palaemonetes spp.,NA,1,28.4,Predator,3,NA
611,3low-2,Hippolyte pleuracanthus,NA,1,15,Herbivore,3,NA
612,3low-3,Macroalgae,NA,3,4981.1,Primary producer,3,NA
613,3low-3,Callinectes sapidus,NA,1,157.7,Predator,3,NA
614,3low-3,Palaemonetes spp.,NA,1,13.4,Predator,3,NA
615,3low-4,Macroalgae,NA,1,3314.6,Primary producer,3,NA
616,3low-4,Hippolyte pleuracanthus,NA,1,18,Herbivore,3,NA
617,3low-5,Macroalgae,NA,2,4527.4,Primary producer,3,NA
618,3low-5,Callinectes sapidus,NA,1,44.9,Predator,3,NA
619,3low-6,Macroalgae,NA,2,4557.5,Primary producer,3,NA
620,3low-6,Palaemonetes spp.,NA,1,32.7,Predator,3,NA
621,6high-1,Macroalgae,NA,2,4315.2,Primary producer,6,NA
622,6high-1,Callinectes sapidus,NA,1,905.5,Predator,6,NA
623,6high-1,Fundulus heteroclitus,NA,1,759,Predator,6,NA
624,6high-2,Macroalgae,NA,3,4463.6,Primary producer,6,NA
625,6high-2,Fundulus heteroclitus,NA,1,782.4,Predator,6,NA
626,6high-2,Syngnathus spp.,NA,1,62,Predator,6,NA
627,6high-3,Macroalgae,NA,3,5116.6,Primary producer,6,NA
628,6high-3,Fundulus heteroclitus,NA,1,1194,Predator,6,NA
629,6high-3,Syngnathus spp.,NA,1,153.4,Predator,6,NA
630,6high-4,Macroalgae,NA,4,6065.6,Primary producer,6,NA
631,6high-4,Callinectes sapidus,NA,1,899.6,Predator,6,NA
632,6high-4,Fundulus heteroclitus,NA,1,592.6,Predator,6,NA
633,6high-5,Macroalgae,NA,2,4241.2,Primary producer,6,NA
634,6high-5,Callinectes sapidus,NA,1,44.4,Predator,6,NA
635,6high-5,Fundulus heteroclitus,NA,1,635.4,Predator,6,NA
636,6high-6,Macroalgae,NA,3,2670.4,Primary producer,6,NA
637,6high-6,Fundulus heteroclitus,NA,1,948.1,Predator,6,NA
638,6high-6,Syngnathus spp.,NA,1,104.8,Predator,6,NA
639,6low-1,Macroalgae,NA,2,4456.2,Primary producer,6,NA
640,6low-1,Callinectes sapidus,NA,1,217.2,Predator,6,NA
641,6low-1,Fundulus heteroclitus,NA,1,419.5,Predator,6,NA
642,6low-2,Macroalgae,NA,3,4586.2,Primary producer,6,NA
643,6low-2,Palaemonetes spp.,NA,1,32.1,Predator,6,NA
644,6low-2,Fundulus heteroclitus,NA,1,381,Predator,6,NA
645,6low-3,Macroalgae,NA,3,5387.5,Primary producer,6,NA
646,6low-3,Callinectes sapidus,NA,1,109.9,Predator,6,NA
647,6low-3,Palaemonetes spp.,NA,1,75.8,Predator,6,NA
648,6low-3,Fundulus heteroclitus,NA,1,588.8,Predator,6,NA
649,6low-4,Macroalgae,NA,2,5483.1,Primary producer,6,NA
650,6low-4,Callinectes sapidus,NA,1,1589.9,Predator,6,NA
651,6low-4,Palaemonetes spp.,NA,1,35.1,Predator,6,NA
652,6low-4,Fundulus heteroclitus,NA,1,434.1,Predator,6,NA
653,6low-5,Macroalgae,NA,3,3912.6,Primary producer,6,NA
654,6low-5,Palaemonetes spp.,NA,1,104.6,Predator,6,NA
655,6low-6,Macroalgae,NA,2,4620,Primary producer,6,NA
656,6low-6,Callinectes sapidus,NA,1,35.3,Predator,6,NA
657,6low-6,Palaemonetes spp.,NA,1,69.3,Predator,6,NA
658,mono1-3,Macroalgae,NA,3,3294.1,Primary producer,1,NA
659,mono1-1,Macroalgae,NA,3,3127.8,Primary producer,1,NA
660,mono1-2,Macroalgae,NA,1,3964.3,Primary producer,1,NA
661,mono1-4,Macroalgae,NA,3,5610,Primary producer,1,NA
662,mono1-5,Macroalgae,NA,3,4200.4,Primary producer,1,NA
663,mono1-6,Macroalgae,NA,3,4148.4,Primary producer,1,NA
664,mono2-1,Macroalgae,NA,3,4747.6,Primary producer,1,NA
665,mono2-2,Macroalgae,NA,3,4324.1,Primary producer,1,NA
666,mono2-3,Macroalgae,NA,2,3960.8,Primary producer,1,NA
667,mono2-4,Macroalgae,NA,2,4030.8,Primary producer,1,NA
668,mono2-5,Macroalgae,NA,2,4140.7,Primary producer,1,NA
669,mono2-6,Macroalgae,NA,2,4135.8,Primary producer,1,NA
670,mono3-1,Macroalgae,NA,1,804.1,Primary producer,1,NA
671,mono3-2,Macroalgae,NA,1,696.9,Primary producer,1,NA
672,mono3-3,Macroalgae,NA,1,33.6,Primary producer,1,NA
673,mono3-4,Macroalgae,NA,1,1125.7,Primary producer,1,NA
674,mono3-5,Macroalgae,NA,2,3985.1,Primary producer,1,NA
675,mono3-6,Macroalgae,NA,1,2091.5,Primary producer,1,NA
676,mono4-1,Macroalgae,NA,2,4648.3,Primary producer,1,NA
677,mono4-2,Macroalgae,NA,2,3449.4,Primary producer,1,NA
678,mono4-3,Macroalgae,NA,3,3915.1,Primary producer,1,NA
679,mono4-4,Macroalgae,NA,2,2815.4,Primary producer,1,NA
680,mono4-5,Macroalgae,NA,2,3943,Primary producer,1,NA
681,mono4-6,Macroalgae,NA,2,3534.7,Primary producer,1,NA
682,mono5-1,Macroalgae,NA,3,4550.3,Primary producer,1,NA
683,mono5-1,Hippolyte pleuracanthus,NA,1,53.9,Herbivore,1,NA
684,mono5-2,Macroalgae,NA,2,4395.3,Primary producer,1,NA
685,mono5-2,Hippolyte pleuracanthus,NA,1,72.5,Herbivore,1,NA
686,mono5-3,Macroalgae,NA,3,2962.2,Primary producer,1,NA
687,mono5-3,Hippolyte pleuracanthus,NA,1,48.7,Herbivore,1,NA
688,mono5-4,Macroalgae,NA,2,3280.4,Primary producer,1,NA
689,mono5-5,Macroalgae,NA,2,3600.2,Primary producer,1,NA
690,mono5-5,Hippolyte pleuracanthus,NA,1,48.3,Herbivore,1,NA
691,mono5-6,Macroalgae,NA,2,3649.3,Primary producer,1,NA
692,mono5-6,Hippolyte pleuracanthus,NA,1,38.3,Herbivore,1,NA
693,mono6-1,Macroalgae,NA,3,5059.5,Primary producer,1,NA
694,mono6-1,Palaemonetes spp.,NA,1,98.9,Predator,1,NA
695,mono6-2,Macroalgae,NA,2,3889.3,Primary producer,1,NA
696,mono6-2,Palaemonetes spp.,NA,1,51.7,Predator,1,NA
697,mono6-3,Macroalgae,NA,2,1259.2,Primary producer,1,NA
698,mono6-3,Palaemonetes spp.,NA,1,174.7,Predator,1,NA
699,mono6-4,Macroalgae,NA,2,3821.5,Primary producer,1,NA
700,mono6-4,Palaemonetes spp.,NA,1,145.1,Predator,1,NA
701,mono6-5,Macroalgae,NA,2,3569.6,Primary producer,1,NA
702,mono6-5,Palaemonetes spp.,NA,1,92.1,Predator,1,NA
703,mono6-6,Macroalgae,NA,2,5391.8,Primary producer,1,NA
704,mono6-6,Palaemonetes spp.,NA,1,103.9,Predator,1,NA
705,mono7-1,Macroalgae,NA,1,4569.2,Primary producer,1,NA
706,mono7-1,Callinectes sapidus,NA,1,1164.9,Predator,1,NA
707,mono7-1,Hippolyte pleuracanthus,NA,1,25.1,Herbivore,1,NA
708,mono7-2,Macroalgae,NA,4,4939.5,Primary producer,1,NA
709,mono7-3,Macroalgae,NA,3,6796.1,Primary producer,1,NA
710,mono7-4,Macroalgae,NA,3,3188.2,Primary producer,1,NA
711,mono7-4,Callinectes sapidus,NA,1,28.7,Predator,1,NA
712,mono7-5,Macroalgae,NA,2,3619.4,Primary producer,1,NA
713,mono7-5,Callinectes sapidus,NA,1,51.4,Predator,1,NA
714,mono7-6,Macroalgae,NA,2,4543.2,Primary producer,1,NA
715,mono8-1,Macroalgae,NA,2,3403.4,Primary producer,1,NA
716,mono8-1,Syngnathus spp.,NA,1,77.3,Predator,1,NA
717,mono8-2,Macroalgae,NA,3,3871,Primary producer,1,NA
718,mono8-2,Syngnathus spp.,NA,1,111.2,Predator,1,NA
719,mono8-3,Macroalgae,NA,2,3524.4,Primary producer,1,NA
720,mono8-4,Macroalgae,NA,3,2729.6,Primary producer,1,NA
721,mono8-4,Syngnathus spp.,NA,1,78.9,Predator,1,NA
722,mono8-5,Macroalgae,NA,2,4131.9,Primary producer,1,NA
723,mono8-6,Macroalgae,NA,2,4366.1,Primary producer,1,NA
724,mono8-6,Syngnathus spp.,NA,1,192.7,Predator,1,NA
725,mono9-1,Macroalgae,NA,3,3143.1,Primary producer,1,NA
726,mono9-1,Fundulus heteroclitus,NA,1,448.7,Predator,1,NA
727,mono9-2,Macroalgae,NA,3,4195.1,Primary producer,1,NA
728,mono9-2,Fundulus heteroclitus,NA,1,713.4,Predator,1,NA
729,mono9-3,Macroalgae,NA,2,3814.2,Primary producer,1,NA
730,mono9-3,Fundulus heteroclitus,NA,1,599.3,Predator,1,NA
731,mono9-4,Macroalgae,NA,3,2589.9,Primary producer,1,NA
732,mono9-4,Fundulus heteroclitus,NA,1,680.5,Predator,1,NA
733,mono9-5,Macroalgae,NA,2,3842.9,Primary producer,1,NA
734,mono9-5,Fundulus heteroclitus,NA,1,823.5,Predator,1,NA
735,mono9-6,Macroalgae,NA,2,3946.8,Primary producer,1,NA
736,mono9-6,Fundulus heteroclitus,NA,1,530.3,Predator,1,NA
737,poly-1,Macroalgae,NA,2,8646.1,Primary producer,9,NA
738,poly-1,Callinectes sapidus,NA,1,2357.2,Predator,9,NA
739,poly-1,Fundulus heteroclitus,NA,1,1042.8,Predator,9,NA
740,poly-2,Macroalgae,NA,2,2801.4,Primary producer,9,NA
741,poly-2,Fundulus heteroclitus,NA,1,827.8,Predator,9,NA
742,poly-2,Syngnathus spp.,NA,1,87.4,Predator,9,NA
743,poly-3,Macroalgae,NA,3,3077,Primary producer,9,NA
744,poly-3,Callinectes sapidus,NA,1,71.7,Predator,9,NA
745,poly-3,Fundulus heteroclitus,NA,1,951.3,Predator,9,NA
746,poly-3,Syngnathus spp.,NA,1,140.4,Predator,9,NA
747,poly-4,Macroalgae,NA,3,6046.1,Primary producer,9,NA
748,poly-4,Callinectes sapidus,NA,1,1011.2,Predator,9,NA
749,poly-4,Palaemonetes spp.,NA,1,65.1,Predator,9,NA
750,poly-4,Fundulus heteroclitus,NA,1,677.2,Predator,9,NA
751,poly-6,Macroalgae,NA,2,1284.7,Primary producer,9,NA
752,poly-6,Fundulus heteroclitus,NA,1,542.5,Predator,9,NA
